model,target,mae,rmse,r2,global_mean,test_rows
Empirical Outcome Ranker,delta_run_exp,0.13143626123384772,0.24076534289918544,0.008769343286183173,-6.875632408891683e-05,331570
